headline,published_at,cleaned_headline,token,tokens,joined_tokens
"Dividend, stock-split: IDFC, ARC Finance, Vedanta, 3 others in focus today",2024-10-09T03:21:13Z,dividend stocksplit idfc arc finance vedanta  others in focus today,"['dividend', 'stocksplit', 'idfc', 'arc', 'finance', 'vedanta', 'others', 'in', 'focus', 'today']","['dividend', 'stocksplit', 'idfc', 'arc', 'finance', 'vedanta', 'others', 'focus', 'today']",dividend stocksplit idfc arc finance vedanta others focus today
"Hyundai Motor India's Rs 27,856 crore IPO opens on 15th Oct; price band fixed at Rs 1,865-1,960",2024-10-09T03:21:07Z,hyundai motor indias rs  crore ipo opens on th oct price band fixed at rs ,"['hyundai', 'motor', 'indias', 'rs', 'crore', 'ipo', 'opens', 'on', 'th', 'oct', 'price', 'band', 'fixed', 'at', 'rs']","['hyundai', 'motor', 'india', 'r', 'crore', 'ipo', 'open', 'th', 'oct', 'price', 'band', 'fixed', 'r']",hyundai motor india r crore ipo open th oct price band fixed r
Tiger Brokers' Yang Xu Shares Insights on Bitcoin ETFs Bridging the Gap Between Traditional Finance and Digital Assets,2024-10-09T03:12:04Z,tiger brokers yang xu shares insights on bitcoin etfs bridging the gap between traditional finance and digital assets,"['tiger', 'brokers', 'yang', 'xu', 'shares', 'insights', 'on', 'bitcoin', 'etfs', 'bridging', 'the', 'gap', 'between', 'traditional', 'finance', 'and', 'digital', 'assets']","['tiger', 'broker', 'yang', 'xu', 'share', 'insight', 'bitcoin', 'etf', 'bridging', 'gap', 'traditional', 'finance', 'digital', 'asset']",tiger broker yang xu share insight bitcoin etf bridging gap traditional finance digital asset
Top German Dividend Stocks To Watch In October 2024,2024-10-09T03:07:48Z,top german dividend stocks to watch in october ,"['top', 'german', 'dividend', 'stocks', 'to', 'watch', 'in', 'october']","['top', 'german', 'dividend', 'stock', 'watch', 'october']",top german dividend stock watch october
Oil prices steady after sliding on potential Israel-Hezbollah ceasefire,2024-10-09T03:06:35Z,oil prices steady after sliding on potential israelhezbollah ceasefire,"['oil', 'prices', 'steady', 'after', 'sliding', 'on', 'potential', 'israelhezbollah', 'ceasefire']","['oil', 'price', 'steady', 'sliding', 'potential', 'israelhezbollah', 'ceasefire']",oil price steady sliding potential israelhezbollah ceasefire
China stocks lose steam as stimulus skepticism emerges,2024-10-09T03:04:28Z,china stocks lose steam as stimulus skepticism emerges,"['china', 'stocks', 'lose', 'steam', 'as', 'stimulus', 'skepticism', 'emerges']","['china', 'stock', 'lose', 'steam', 'stimulus', 'skepticism', 'emerges']",china stock lose steam stimulus skepticism emerges
Mixed Asian cues may limit Nifty's opening gains,2024-10-09T03:04:00Z,mixed asian cues may limit niftys opening gains,"['mixed', 'asian', 'cues', 'may', 'limit', 'niftys', 'opening', 'gains']","['mixed', 'asian', 'cue', 'may', 'limit', 'niftys', 'opening', 'gain']",mixed asian cue may limit niftys opening gain
Three Undiscovered German Gems With Promising Potential,2024-10-09T03:03:53Z,three undiscovered german gems with promising potential,"['three', 'undiscovered', 'german', 'gems', 'with', 'promising', 'potential']","['three', 'undiscovered', 'german', 'gem', 'promising', 'potential']",three undiscovered german gem promising potential
German Growth Stocks With High Insider Ownership,2024-10-09T03:03:32Z,german growth stocks with high insider ownership,"['german', 'growth', 'stocks', 'with', 'high', 'insider', 'ownership']","['german', 'growth', 'stock', 'high', 'insider', 'ownership']",german growth stock high insider ownership
Oil prices steady after sliding on potential Israel-Hezbollah ceasefire,2024-10-09T03:00:37Z,oil prices steady after sliding on potential israelhezbollah ceasefire,"['oil', 'prices', 'steady', 'after', 'sliding', 'on', 'potential', 'israelhezbollah', 'ceasefire']","['oil', 'price', 'steady', 'sliding', 'potential', 'israelhezbollah', 'ceasefire']",oil price steady sliding potential israelhezbollah ceasefire
"Chinese Shares Drop On Stimulus Upset, Asia Tracks Wall St Higher",2024-10-09T03:00:20Z,chinese shares drop on stimulus upset asia tracks wall st higher,"['chinese', 'shares', 'drop', 'on', 'stimulus', 'upset', 'asia', 'tracks', 'wall', 'st', 'higher']","['chinese', 'share', 'drop', 'stimulus', 'upset', 'asia', 'track', 'wall', 'st', 'higher']",chinese share drop stimulus upset asia track wall st higher
Buy power utilities but stay away from power financiers: Chakri Lokapriya,2024-10-09T03:00:00Z,buy power utilities but stay away from power financiers chakri lokapriya,"['buy', 'power', 'utilities', 'but', 'stay', 'away', 'from', 'power', 'financiers', 'chakri', 'lokapriya']","['buy', 'power', 'utility', 'stay', 'away', 'power', 'financier', 'chakri', 'lokapriya']",buy power utility stay away power financier chakri lokapriya
Why ASX 200 bank shares like CBA are surging on disappointing China stimulus,2024-10-09T02:58:34Z,why asx  bank shares like cba are surging on disappointing china stimulus,"['why', 'asx', 'bank', 'shares', 'like', 'cba', 'are', 'surging', 'on', 'disappointing', 'china', 'stimulus']","['asx', 'bank', 'share', 'like', 'cba', 'surging', 'disappointing', 'china', 'stimulus']",asx bank share like cba surging disappointing china stimulus
"Chinese shares drop on stimulus upset, Asia tracks Wall St higher",2024-10-09T02:58:33Z,chinese shares drop on stimulus upset asia tracks wall st higher,"['chinese', 'shares', 'drop', 'on', 'stimulus', 'upset', 'asia', 'tracks', 'wall', 'st', 'higher']","['chinese', 'share', 'drop', 'stimulus', 'upset', 'asia', 'track', 'wall', 'st', 'higher']",chinese share drop stimulus upset asia track wall st higher
"While individual investors own 30% of Wing Tai Holdings Limited (SGX:W05), private companies are its largest shareholders with 51% ownership",2024-10-09T02:54:57Z,while individual investors own  of wing tai holdings limited sgxw private companies are its largest shareholders with  ownership,"['while', 'individual', 'investors', 'own', 'of', 'wing', 'tai', 'holdings', 'limited', 'sgxw', 'private', 'companies', 'are', 'its', 'largest', 'shareholders', 'with', 'ownership']","['individual', 'investor', 'wing', 'tai', 'holding', 'limited', 'sgxw', 'private', 'company', 'largest', 'shareholder', 'ownership']",individual investor wing tai holding limited sgxw private company largest shareholder ownership
"Stock Alert: Phoenix Mills, Signature Global, Infosys, Dr reddys Lab, IRFC",2024-10-09T02:54:00Z,stock alert phoenix mills signature global infosys dr reddys lab irfc,"['stock', 'alert', 'phoenix', 'mills', 'signature', 'global', 'infosys', 'dr', 'reddys', 'lab', 'irfc']","['stock', 'alert', 'phoenix', 'mill', 'signature', 'global', 'infosys', 'dr', 'reddys', 'lab', 'irfc']",stock alert phoenix mill signature global infosys dr reddys lab irfc
Golden Crossovers: These 5 stocks signal further bullishness on Oct 9,2024-10-09T02:51:06Z,golden crossovers these  stocks signal further bullishness on oct ,"['golden', 'crossovers', 'these', 'stocks', 'signal', 'further', 'bullishness', 'on', 'oct']","['golden', 'crossover', 'stock', 'signal', 'bullishness', 'oct']",golden crossover stock signal bullishness oct
The iShares S&P 500 ETF (IVV) just hit a new all-time high,2024-10-09T02:50:07Z,the ishares sp  etf ivv just hit a new alltime high,"['the', 'ishares', 'sp', 'etf', 'ivv', 'just', 'hit', 'a', 'new', 'alltime', 'high']","['ishares', 'sp', 'etf', 'ivv', 'hit', 'new', 'alltime', 'high']",ishares sp etf ivv hit new alltime high
Watch These Palantir Price Levels as Stock Surges More Than 6% to Record High,2024-10-09T02:39:53Z,watch these palantir price levels as stock surges more than  to record high,"['watch', 'these', 'palantir', 'price', 'levels', 'as', 'stock', 'surges', 'more', 'than', 'to', 'record', 'high']","['watch', 'palantir', 'price', 'level', 'stock', 'surge', 'record', 'high']",watch palantir price level stock surge record high
"Stocks that will see action today: October 9, 2024",2024-10-09T02:38:03Z,stocks that will see action today october  ,"['stocks', 'that', 'will', 'see', 'action', 'today', 'october']","['stock', 'see', 'action', 'today', 'october']",stock see action today october
Markets expected to open steady ahead of RBI policy outcome,2024-10-09T02:35:08Z,markets expected to open steady ahead of rbi policy outcome,"['markets', 'expected', 'to', 'open', 'steady', 'ahead', 'of', 'rbi', 'policy', 'outcome']","['market', 'expected', 'open', 'steady', 'ahead', 'rbi', 'policy', 'outcome']",market expected open steady ahead rbi policy outcome
"NZ stocks rally, kiwi dollar, interest rates fall on OCR cut",2024-10-09T02:33:41Z,nz stocks rally kiwi dollar interest rates fall on ocr cut,"['nz', 'stocks', 'rally', 'kiwi', 'dollar', 'interest', 'rates', 'fall', 'on', 'ocr', 'cut']","['nz', 'stock', 'rally', 'kiwi', 'dollar', 'interest', 'rate', 'fall', 'ocr', 'cut']",nz stock rally kiwi dollar interest rate fall ocr cut
Positive Breakout: These 3 Nifty stocks close cross above their 200 DMAs,2024-10-09T02:33:25Z,positive breakout these  nifty stocks close cross above their  dmas,"['positive', 'breakout', 'these', 'nifty', 'stocks', 'close', 'cross', 'above', 'their', 'dmas']","['positive', 'breakout', 'nifty', 'stock', 'close', 'cross', 'dmas']",positive breakout nifty stock close cross dmas
5 FMCG stocks Rajat Sharma is bullish on for near term,2024-10-09T02:31:00Z, fmcg stocks rajat sharma is bullish on for near term,"['fmcg', 'stocks', 'rajat', 'sharma', 'is', 'bullish', 'on', 'for', 'near', 'term']","['fmcg', 'stock', 'rajat', 'sharma', 'bullish', 'near', 'term']",fmcg stock rajat sharma bullish near term
Asia stocks rise on tech gains; China slides as stimulus cheer wanes,2024-10-09T02:29:11Z,asia stocks rise on tech gains china slides as stimulus cheer wanes,"['asia', 'stocks', 'rise', 'on', 'tech', 'gains', 'china', 'slides', 'as', 'stimulus', 'cheer', 'wanes']","['asia', 'stock', 'rise', 'tech', 'gain', 'china', 'slide', 'stimulus', 'cheer', 'wane']",asia stock rise tech gain china slide stimulus cheer wane
Stock to watch: Edelweiss Financial in focus as co announces Rs 200 crore NCDs,2024-10-09T02:22:33Z,stock to watch edelweiss financial in focus as co announces rs  crore ncds,"['stock', 'to', 'watch', 'edelweiss', 'financial', 'in', 'focus', 'as', 'co', 'announces', 'rs', 'crore', 'ncds']","['stock', 'watch', 'edelweiss', 'financial', 'focus', 'co', 'announces', 'r', 'crore', 'ncds']",stock watch edelweiss financial focus co announces r crore ncds
NeoPolitan Pizza shares to debut today. GMP hints at flat listing,2024-10-09T02:22:06Z,neopolitan pizza shares to debut today gmp hints at flat listing,"['neopolitan', 'pizza', 'shares', 'to', 'debut', 'today', 'gmp', 'hints', 'at', 'flat', 'listing']","['neopolitan', 'pizza', 'share', 'debut', 'today', 'gmp', 'hint', 'flat', 'listing']",neopolitan pizza share debut today gmp hint flat listing
Vinay Rajani of HDFC Securities suggests buying these stocks on October 09,2024-10-09T02:17:32Z,vinay rajani of hdfc securities suggests buying these stocks on october ,"['vinay', 'rajani', 'of', 'hdfc', 'securities', 'suggests', 'buying', 'these', 'stocks', 'on', 'october']","['vinay', 'rajani', 'hdfc', 'security', 'suggests', 'buying', 'stock', 'october']",vinay rajani hdfc security suggests buying stock october
Stock to watch: JSW Infrastructure shares in focus after MD & CEO steps down,2024-10-09T02:16:23Z,stock to watch jsw infrastructure shares in focus after md  ceo steps down,"['stock', 'to', 'watch', 'jsw', 'infrastructure', 'shares', 'in', 'focus', 'after', 'md', 'ceo', 'steps', 'down']","['stock', 'watch', 'jsw', 'infrastructure', 'share', 'focus', 'md', 'ceo', 'step']",stock watch jsw infrastructure share focus md ceo step
Economic Digest: Nepal’s Weekly Business News in a Snap,2024-10-09T02:15:17Z,economic digest nepals weekly business news in a snap,"['economic', 'digest', 'nepals', 'weekly', 'business', 'news', 'in', 'a', 'snap']","['economic', 'digest', 'nepal', 'weekly', 'business', 'news', 'snap']",economic digest nepal weekly business news snap
China’s stocks head for topsy-turvy day: Hang Seng gains while mainland markets plunge,2024-10-09T02:08:47Z,chinas stocks head for topsyturvy day hang seng gains while mainland markets plunge,"['chinas', 'stocks', 'head', 'for', 'topsyturvy', 'day', 'hang', 'seng', 'gains', 'while', 'mainland', 'markets', 'plunge']","['china', 'stock', 'head', 'topsyturvy', 'day', 'hang', 'seng', 'gain', 'mainland', 'market', 'plunge']",china stock head topsyturvy day hang seng gain mainland market plunge
"China stocks fall sharply, set to snap winning streak",2024-10-09T02:05:42Z,china stocks fall sharply set to snap winning streak,"['china', 'stocks', 'fall', 'sharply', 'set', 'to', 'snap', 'winning', 'streak']","['china', 'stock', 'fall', 'sharply', 'set', 'snap', 'winning', 'streak']",china stock fall sharply set snap winning streak
Stock to watch: Infosys shares in focus on expansion of partnership with Old National Bank,2024-10-09T01:59:59Z,stock to watch infosys shares in focus on expansion of partnership with old national bank,"['stock', 'to', 'watch', 'infosys', 'shares', 'in', 'focus', 'on', 'expansion', 'of', 'partnership', 'with', 'old', 'national', 'bank']","['stock', 'watch', 'infosys', 'share', 'focus', 'expansion', 'partnership', 'old', 'national', 'bank']",stock watch infosys share focus expansion partnership old national bank
"China stocks fall sharply, set to snap winning streak",2024-10-09T01:57:51Z,china stocks fall sharply set to snap winning streak,"['china', 'stocks', 'fall', 'sharply', 'set', 'to', 'snap', 'winning', 'streak']","['china', 'stock', 'fall', 'sharply', 'set', 'snap', 'winning', 'streak']",china stock fall sharply set snap winning streak
Sensex Today | Stock Market LIVE Updates: GIFT Nifty signals a positive start; Asian shares trade higher,2024-10-09T01:56:15Z,sensex today  stock market live updates gift nifty signals a positive start asian shares trade higher,"['sensex', 'today', 'stock', 'market', 'live', 'updates', 'gift', 'nifty', 'signals', 'a', 'positive', 'start', 'asian', 'shares', 'trade', 'higher']","['sensex', 'today', 'stock', 'market', 'live', 'update', 'gift', 'nifty', 'signal', 'positive', 'start', 'asian', 'share', 'trade', 'higher']",sensex today stock market live update gift nifty signal positive start asian share trade higher
"F&O Ban List: SAIL, GNFC among 10 stocks under trade ban on Wednesday",2024-10-09T01:55:51Z,fo ban list sail gnfc among  stocks under trade ban on wednesday,"['fo', 'ban', 'list', 'sail', 'gnfc', 'among', 'stocks', 'under', 'trade', 'ban', 'on', 'wednesday']","['fo', 'ban', 'list', 'sail', 'gnfc', 'among', 'stock', 'trade', 'ban', 'wednesday']",fo ban list sail gnfc among stock trade ban wednesday
"China stocks fall sharply, set to snap winning streak",2024-10-09T01:55:36Z,china stocks fall sharply set to snap winning streak,"['china', 'stocks', 'fall', 'sharply', 'set', 'to', 'snap', 'winning', 'streak']","['china', 'stock', 'fall', 'sharply', 'set', 'snap', 'winning', 'streak']",china stock fall sharply set snap winning streak
"China stocks fall sharply, set to snap winning streak",2024-10-09T01:53:16Z,china stocks fall sharply set to snap winning streak,"['china', 'stocks', 'fall', 'sharply', 'set', 'to', 'snap', 'winning', 'streak']","['china', 'stock', 'fall', 'sharply', 'set', 'snap', 'winning', 'streak']",china stock fall sharply set snap winning streak
"Market Today: RBI MPC outcome, global market recovery, Israel war, Oil down",2024-10-09T01:52:55Z,market today rbi mpc outcome global market recovery israel war oil down,"['market', 'today', 'rbi', 'mpc', 'outcome', 'global', 'market', 'recovery', 'israel', 'war', 'oil', 'down']","['market', 'today', 'rbi', 'mpc', 'outcome', 'global', 'market', 'recovery', 'israel', 'war', 'oil']",market today rbi mpc outcome global market recovery israel war oil
"Big movers on D-Street: What should investors do with Trent, Sobha and SpiceJet?",2024-10-09T01:50:15Z,big movers on dstreet what should investors do with trent sobha and spicejet,"['big', 'movers', 'on', 'dstreet', 'what', 'should', 'investors', 'do', 'with', 'trent', 'sobha', 'and', 'spicejet']","['big', 'mover', 'dstreet', 'investor', 'trent', 'sobha', 'spicejet']",big mover dstreet investor trent sobha spicejet
"Stocks to Watch: RIL, TaMo, Torrent Power, Tata Tech, Patanjali Foods",2024-10-09T01:49:03Z,stocks to watch ril tamo torrent power tata tech patanjali foods,"['stocks', 'to', 'watch', 'ril', 'tamo', 'torrent', 'power', 'tata', 'tech', 'patanjali', 'foods']","['stock', 'watch', 'ril', 'tamo', 'torrent', 'power', 'tata', 'tech', 'patanjali', 'food']",stock watch ril tamo torrent power tata tech patanjali food
Gold prices steady with Fed minutes on tap,2024-10-09T01:44:36Z,gold prices steady with fed minutes on tap,"['gold', 'prices', 'steady', 'with', 'fed', 'minutes', 'on', 'tap']","['gold', 'price', 'steady', 'fed', 'minute', 'tap']",gold price steady fed minute tap
"Why Karoon Energy, Mesoblast, Mineral Resources, and Sigma shares are falling today",2024-10-09T01:44:25Z,why karoon energy mesoblast mineral resources and sigma shares are falling today,"['why', 'karoon', 'energy', 'mesoblast', 'mineral', 'resources', 'and', 'sigma', 'shares', 'are', 'falling', 'today']","['karoon', 'energy', 'mesoblast', 'mineral', 'resource', 'sigma', 'share', 'falling', 'today']",karoon energy mesoblast mineral resource sigma share falling today
Wall Street ends higher on tech buying as investors wait on inflation data,2024-10-09T01:42:26Z,wall street ends higher on tech buying as investors wait on inflation data,"['wall', 'street', 'ends', 'higher', 'on', 'tech', 'buying', 'as', 'investors', 'wait', 'on', 'inflation', 'data']","['wall', 'street', 'end', 'higher', 'tech', 'buying', 'investor', 'wait', 'inflation', 'data']",wall street end higher tech buying investor wait inflation data
Catastrophe Bond Investors Brace for Major Losses as Milton Rages - Yahoo Finance,2024-10-09T01:32:52Z,catastrophe bond investors brace for major losses as milton rages  yahoo finance,"['catastrophe', 'bond', 'investors', 'brace', 'for', 'major', 'losses', 'as', 'milton', 'rages', 'yahoo', 'finance']","['catastrophe', 'bond', 'investor', 'brace', 'major', 'loss', 'milton', 'rage', 'yahoo', 'finance']",catastrophe bond investor brace major loss milton rage yahoo finance
Trade desk CEO Jeffrey Green sells over $45 million in stock,2024-10-09T01:23:52Z,trade desk ceo jeffrey green sells over  million in stock,"['trade', 'desk', 'ceo', 'jeffrey', 'green', 'sells', 'over', 'million', 'in', 'stock']","['trade', 'desk', 'ceo', 'jeffrey', 'green', 'sell', 'million', 'stock']",trade desk ceo jeffrey green sell million stock
Pre-market action: Here's the trade setup for today's session,2024-10-09T01:15:39Z,premarket action heres the trade setup for todays session,"['premarket', 'action', 'heres', 'the', 'trade', 'setup', 'for', 'todays', 'session']","['premarket', 'action', 'here', 'trade', 'setup', 'today', 'session']",premarket action here trade setup today session
"Closing Bell: Sensex falls by 0.21%, Nifty closes at 24,981.95",2024-10-09T01:14:46Z,closing bell sensex falls by  nifty closes at ,"['closing', 'bell', 'sensex', 'falls', 'by', 'nifty', 'closes', 'at']","['closing', 'bell', 'sensex', 'fall', 'nifty', 'close']",closing bell sensex fall nifty close
"Share Market Highlights 9th October 2024: Sensex closes at 81,634.81, Nifty closes at 25,013. Top gainers Tata Motors, Tech Mahindra",2024-10-09T01:14:46Z,share market highlights th october  sensex closes at  nifty closes at  top gainers tata motors tech mahindra,"['share', 'market', 'highlights', 'th', 'october', 'sensex', 'closes', 'at', 'nifty', 'closes', 'at', 'top', 'gainers', 'tata', 'motors', 'tech', 'mahindra']","['share', 'market', 'highlight', 'th', 'october', 'sensex', 'close', 'nifty', 'close', 'top', 'gainer', 'tata', 'motor', 'tech', 'mahindra']",share market highlight th october sensex close nifty close top gainer tata motor tech mahindra
Asian stocks advance after tech lifts Wall Street,2024-10-09T01:10:29Z,asian stocks advance after tech lifts wall street,"['asian', 'stocks', 'advance', 'after', 'tech', 'lifts', 'wall', 'street']","['asian', 'stock', 'advance', 'tech', 'lift', 'wall', 'street']",asian stock advance tech lift wall street
"Stocks in news: Adani Green, Infosys, Torrent Power, Dr Reddy's, JSW Infra",2024-10-09T01:05:10Z,stocks in news adani green infosys torrent power dr reddys jsw infra,"['stocks', 'in', 'news', 'adani', 'green', 'infosys', 'torrent', 'power', 'dr', 'reddys', 'jsw', 'infra']","['stock', 'news', 'adani', 'green', 'infosys', 'torrent', 'power', 'dr', 'reddys', 'jsw', 'infra']",stock news adani green infosys torrent power dr reddys jsw infra
SpaceX Activates Starlink T Mobile Text SMS Messaging In Florida Ahead Of Hurricane Milton’s Arrival,2024-10-09T01:05:00Z,spacex activates starlink t mobile text sms messaging in florida ahead of hurricane miltons arrival,"['spacex', 'activates', 'starlink', 't', 'mobile', 'text', 'sms', 'messaging', 'in', 'florida', 'ahead', 'of', 'hurricane', 'miltons', 'arrival']","['spacex', 'activates', 'starlink', 'mobile', 'text', 'sm', 'messaging', 'florida', 'ahead', 'hurricane', 'milton', 'arrival']",spacex activates starlink mobile text sm messaging florida ahead hurricane milton arrival
CNBC Daily Open: Stocks’ choppiness in October can be an opportunity,2024-10-09T01:01:53Z,cnbc daily open stocks choppiness in october can be an opportunity,"['cnbc', 'daily', 'open', 'stocks', 'choppiness', 'in', 'october', 'can', 'be', 'an', 'opportunity']","['cnbc', 'daily', 'open', 'stock', 'choppiness', 'october', 'opportunity']",cnbc daily open stock choppiness october opportunity
CNBC Daily Open: Stocks’ choppiness in October can be an opportunity,2024-10-09T00:50:04Z,cnbc daily open stocks choppiness in october can be an opportunity,"['cnbc', 'daily', 'open', 'stocks', 'choppiness', 'in', 'october', 'can', 'be', 'an', 'opportunity']","['cnbc', 'daily', 'open', 'stock', 'choppiness', 'october', 'opportunity']",cnbc daily open stock choppiness october opportunity
Is GE-Shen Corporation Berhad's (KLSE:GESHEN) Stock's Recent Performance A Reflection Of Its Financial Health?,2024-10-09T00:35:22Z,is geshen corporation berhads klsegeshen stocks recent performance a reflection of its financial health,"['is', 'geshen', 'corporation', 'berhads', 'klsegeshen', 'stocks', 'recent', 'performance', 'a', 'reflection', 'of', 'its', 'financial', 'health']","['geshen', 'corporation', 'berhads', 'klsegeshen', 'stock', 'recent', 'performance', 'reflection', 'financial', 'health']",geshen corporation berhads klsegeshen stock recent performance reflection financial health
"These are the insurance stocks with the most at risk from Hurricane Milton, according to Piper Sandler - CNBC",2024-10-09T00:33:43Z,these are the insurance stocks with the most at risk from hurricane milton according to piper sandler  cnbc,"['these', 'are', 'the', 'insurance', 'stocks', 'with', 'the', 'most', 'at', 'risk', 'from', 'hurricane', 'milton', 'according', 'to', 'piper', 'sandler', 'cnbc']","['insurance', 'stock', 'risk', 'hurricane', 'milton', 'according', 'piper', 'sandler', 'cnbc']",insurance stock risk hurricane milton according piper sandler cnbc
"Parliamentary Finance Panel calls Sebi, other regulators",2024-10-09T00:32:10Z,parliamentary finance panel calls sebi other regulators,"['parliamentary', 'finance', 'panel', 'calls', 'sebi', 'other', 'regulators']","['parliamentary', 'finance', 'panel', 'call', 'sebi', 'regulator']",parliamentary finance panel call sebi regulator
"Nine Entertainment Holdings (ASX:NEC) sheds AU$87m, company earnings and investor returns have been trending downwards for past three years",2024-10-09T00:28:02Z,nine entertainment holdings asxnec sheds aum company earnings and investor returns have been trending downwards for past three years,"['nine', 'entertainment', 'holdings', 'asxnec', 'sheds', 'aum', 'company', 'earnings', 'and', 'investor', 'returns', 'have', 'been', 'trending', 'downwards', 'for', 'past', 'three', 'years']","['nine', 'entertainment', 'holding', 'asxnec', 'shed', 'aum', 'company', 'earnings', 'investor', 'return', 'trending', 'downwards', 'past', 'three', 'year']",nine entertainment holding asxnec shed aum company earnings investor return trending downwards past three year
Biocon Biologics raises $300 million for debt refinancing,2024-10-09T00:10:54Z,biocon biologics raises  million for debt refinancing,"['biocon', 'biologics', 'raises', 'million', 'for', 'debt', 'refinancing']","['biocon', 'biologics', 'raise', 'million', 'debt', 'refinancing']",biocon biologics raise million debt refinancing
Asian Stocks Advance After Tech Lifts Wall Street: Markets Wrap,2024-10-09T00:08:24Z,asian stocks advance after tech lifts wall street markets wrap,"['asian', 'stocks', 'advance', 'after', 'tech', 'lifts', 'wall', 'street', 'markets', 'wrap']","['asian', 'stock', 'advance', 'tech', 'lift', 'wall', 'street', 'market', 'wrap']",asian stock advance tech lift wall street market wrap
Nifty's over 4% falls in a week mostly recovered within 3 months: Study,2024-10-09T00:05:58Z,niftys over  falls in a week mostly recovered within  months study,"['niftys', 'over', 'falls', 'in', 'a', 'week', 'mostly', 'recovered', 'within', 'months', 'study']","['niftys', 'fall', 'week', 'mostly', 'recovered', 'within', 'month', 'study']",niftys fall week mostly recovered within month study
FDI crashes to record low of $29.8m,2024-10-09T00:04:57Z,fdi crashes to record low of m,"['fdi', 'crashes', 'to', 'record', 'low', 'of', 'm']","['fdi', 'crash', 'record', 'low']",fdi crash record low
D-Street ends 6-Day losing streak as China stocks retreat from highs,2024-10-09T00:02:11Z,dstreet ends day losing streak as china stocks retreat from highs,"['dstreet', 'ends', 'day', 'losing', 'streak', 'as', 'china', 'stocks', 'retreat', 'from', 'highs']","['dstreet', 'end', 'day', 'losing', 'streak', 'china', 'stock', 'retreat', 'high']",dstreet end day losing streak china stock retreat high
Sebi calls for stricter review of AIF investors,2024-10-08T23:57:56Z,sebi calls for stricter review of aif investors,"['sebi', 'calls', 'for', 'stricter', 'review', 'of', 'aif', 'investors']","['sebi', 'call', 'stricter', 'review', 'aif', 'investor']",sebi call stricter review aif investor
"These are the insurance stocks with the most at risk from Hurricane Milton, according to Piper Sandler",2024-10-08T23:55:05Z,these are the insurance stocks with the most at risk from hurricane milton according to piper sandler,"['these', 'are', 'the', 'insurance', 'stocks', 'with', 'the', 'most', 'at', 'risk', 'from', 'hurricane', 'milton', 'according', 'to', 'piper', 'sandler']","['insurance', 'stock', 'risk', 'hurricane', 'milton', 'according', 'piper', 'sandler']",insurance stock risk hurricane milton according piper sandler
Florida's Insurance Market Lashed as Residents Face Hurricane Milton - Newsweek,2024-10-08T23:52:51Z,floridas insurance market lashed as residents face hurricane milton  newsweek,"['floridas', 'insurance', 'market', 'lashed', 'as', 'residents', 'face', 'hurricane', 'milton', 'newsweek']","['florida', 'insurance', 'market', 'lashed', 'resident', 'face', 'hurricane', 'milton', 'newsweek']",florida insurance market lashed resident face hurricane milton newsweek
We're Not Very Worried About Brazilian Rare Earths' (ASX:BRE) Cash Burn Rate,2024-10-08T23:51:24Z,were not very worried about brazilian rare earths asxbre cash burn rate,"['were', 'not', 'very', 'worried', 'about', 'brazilian', 'rare', 'earths', 'asxbre', 'cash', 'burn', 'rate']","['worried', 'brazilian', 'rare', 'earth', 'asxbre', 'cash', 'burn', 'rate']",worried brazilian rare earth asxbre cash burn rate
Wednesday's big stock stories: What’s likely to move the market in the next trading session,2024-10-08T23:49:57Z,wednesdays big stock stories whats likely to move the market in the next trading session,"['wednesdays', 'big', 'stock', 'stories', 'whats', 'likely', 'to', 'move', 'the', 'market', 'in', 'the', 'next', 'trading', 'session']","['wednesday', 'big', 'stock', 'story', 'whats', 'likely', 'move', 'market', 'next', 'trading', 'session']",wednesday big stock story whats likely move market next trading session
Sprouts farmers market CEO sells over $1.29 million in stock,2024-10-08T23:49:07Z,sprouts farmers market ceo sells over  million in stock,"['sprouts', 'farmers', 'market', 'ceo', 'sells', 'over', 'million', 'in', 'stock']","['sprout', 'farmer', 'market', 'ceo', 'sell', 'million', 'stock']",sprout farmer market ceo sell million stock
Is Kretam Holdings Berhad's (KLSE:KRETAM) Stock's Recent Performance A Reflection Of Its Financial Health?,2024-10-08T23:36:47Z,is kretam holdings berhads klsekretam stocks recent performance a reflection of its financial health,"['is', 'kretam', 'holdings', 'berhads', 'klsekretam', 'stocks', 'recent', 'performance', 'a', 'reflection', 'of', 'its', 'financial', 'health']","['kretam', 'holding', 'berhads', 'klsekretam', 'stock', 'recent', 'performance', 'reflection', 'financial', 'health']",kretam holding berhads klsekretam stock recent performance reflection financial health
"Stock market volatility; Premier Li meetings on the economy; PRC goes after EU brandy; Wu Bangguo; Wang-Raimondo call; MSS on the ""China Initiative""",2024-10-08T23:31:29Z,stock market volatility premier li meetings on the economy prc goes after eu brandy wu bangguo wangraimondo call mss on the china initiative,"['stock', 'market', 'volatility', 'premier', 'li', 'meetings', 'on', 'the', 'economy', 'prc', 'goes', 'after', 'eu', 'brandy', 'wu', 'bangguo', 'wangraimondo', 'call', 'mss', 'on', 'the', 'china', 'initiative']","['stock', 'market', 'volatility', 'premier', 'li', 'meeting', 'economy', 'prc', 'go', 'eu', 'brandy', 'wu', 'bangguo', 'wangraimondo', 'call', 'ms', 'china', 'initiative']",stock market volatility premier li meeting economy prc go eu brandy wu bangguo wangraimondo call ms china initiative
Full House Resorts CEO sells over $125k in company stock,2024-10-08T23:27:02Z,full house resorts ceo sells over k in company stock,"['full', 'house', 'resorts', 'ceo', 'sells', 'over', 'k', 'in', 'company', 'stock']","['full', 'house', 'resort', 'ceo', 'sell', 'k', 'company', 'stock']",full house resort ceo sell k company stock
"Midday stock movers: Nvidia, PepsiCo, Qualcomm",2024-10-08T23:21:24Z,midday stock movers nvidia pepsico qualcomm,"['midday', 'stock', 'movers', 'nvidia', 'pepsico', 'qualcomm']","['midday', 'stock', 'mover', 'nvidia', 'pepsico', 'qualcomm']",midday stock mover nvidia pepsico qualcomm
A closer look at the USMNT striker picture for October window,2024-10-08T23:15:58Z,a closer look at the usmnt striker picture for october window,"['a', 'closer', 'look', 'at', 'the', 'usmnt', 'striker', 'picture', 'for', 'october', 'window']","['closer', 'look', 'usmnt', 'striker', 'picture', 'october', 'window']",closer look usmnt striker picture october window
Most Justices Seem Inclined To Uphold the ATF's New Restrictions on Homemade Firearms,2024-10-08T23:15:46Z,most justices seem inclined to uphold the atfs new restrictions on homemade firearms,"['most', 'justices', 'seem', 'inclined', 'to', 'uphold', 'the', 'atfs', 'new', 'restrictions', 'on', 'homemade', 'firearms']","['justice', 'seem', 'inclined', 'uphold', 'atf', 'new', 'restriction', 'homemade', 'firearm']",justice seem inclined uphold atf new restriction homemade firearm
How to generate passive income from ASX ETFs,2024-10-08T23:13:05Z,how to generate passive income from asx etfs,"['how', 'to', 'generate', 'passive', 'income', 'from', 'asx', 'etfs']","['generate', 'passive', 'income', 'asx', 'etf']",generate passive income asx etf
Most Justices Seem Inclined To Uphold the ATF's New Restrictions on Homemade Firearms,2024-10-08T23:10:26Z,most justices seem inclined to uphold the atfs new restrictions on homemade firearms,"['most', 'justices', 'seem', 'inclined', 'to', 'uphold', 'the', 'atfs', 'new', 'restrictions', 'on', 'homemade', 'firearms']","['justice', 'seem', 'inclined', 'uphold', 'atf', 'new', 'restriction', 'homemade', 'firearm']",justice seem inclined uphold atf new restriction homemade firearm
2 ASX growth shares this fund manager loves right now (one with AI exposure!),2024-10-08T23:03:19Z, asx growth shares this fund manager loves right now one with ai exposure,"['asx', 'growth', 'shares', 'this', 'fund', 'manager', 'loves', 'right', 'now', 'one', 'with', 'ai', 'exposure']","['asx', 'growth', 'share', 'fund', 'manager', 'love', 'right', 'one', 'ai', 'exposure']",asx growth share fund manager love right one ai exposure
Loop-the-loop - the people who run around in circles for 24 hours,2024-10-08T23:01:19Z,looptheloop  the people who run around in circles for  hours,"['looptheloop', 'the', 'people', 'who', 'run', 'around', 'in', 'circles', 'for', 'hours']","['looptheloop', 'people', 'run', 'around', 'circle', 'hour']",looptheloop people run around circle hour
Enliven Therapeutics exec sells over $280k in company stock,2024-10-08T23:01:00Z,enliven therapeutics exec sells over k in company stock,"['enliven', 'therapeutics', 'exec', 'sells', 'over', 'k', 'in', 'company', 'stock']","['enliven', 'therapeutic', 'exec', 'sell', 'k', 'company', 'stock']",enliven therapeutic exec sell k company stock
Beijing Announces Tariffs on European Brandy,2024-10-08T23:00:30Z,beijing announces tariffs on european brandy,"['beijing', 'announces', 'tariffs', 'on', 'european', 'brandy']","['beijing', 'announces', 'tariff', 'european', 'brandy']",beijing announces tariff european brandy
Hong Kong Stocks Plunge on Profit-Taking Amid China Market Rebound,2024-10-08T22:59:27Z,hong kong stocks plunge on profittaking amid china market rebound,"['hong', 'kong', 'stocks', 'plunge', 'on', 'profittaking', 'amid', 'china', 'market', 'rebound']","['hong', 'kong', 'stock', 'plunge', 'profittaking', 'amid', 'china', 'market', 'rebound']",hong kong stock plunge profittaking amid china market rebound
Wall Street soars as Hong Kong sees biggest single-day drop since 2008,2024-10-08T22:59:26Z,wall street soars as hong kong sees biggest singleday drop since ,"['wall', 'street', 'soars', 'as', 'hong', 'kong', 'sees', 'biggest', 'singleday', 'drop', 'since']","['wall', 'street', 'soar', 'hong', 'kong', 'see', 'biggest', 'singleday', 'drop', 'since']",wall street soar hong kong see biggest singleday drop since
Jim Cramer looks at Amazon and Apple and why it can be tough to sit on good stocks,2024-10-08T22:59:18Z,jim cramer looks at amazon and apple and why it can be tough to sit on good stocks,"['jim', 'cramer', 'looks', 'at', 'amazon', 'and', 'apple', 'and', 'why', 'it', 'can', 'be', 'tough', 'to', 'sit', 'on', 'good', 'stocks']","['jim', 'cramer', 'look', 'amazon', 'apple', 'tough', 'sit', 'good', 'stock']",jim cramer look amazon apple tough sit good stock
"Future Holds Oligopoly of 4 Streaming Giants, ‘Great Profitability’ and Price Increases, Says Jeff Sagansky",2024-10-08T22:55:00Z,future holds oligopoly of  streaming giants great profitability and price increases says jeff sagansky,"['future', 'holds', 'oligopoly', 'of', 'streaming', 'giants', 'great', 'profitability', 'and', 'price', 'increases', 'says', 'jeff', 'sagansky']","['future', 'hold', 'oligopoly', 'streaming', 'giant', 'great', 'profitability', 'price', 'increase', 'say', 'jeff', 'sagansky']",future hold oligopoly streaming giant great profitability price increase say jeff sagansky
Catastrophe Bond Investors Brace for Huge Losses as Milton Rages - Bloomberg,2024-10-08T22:53:29Z,catastrophe bond investors brace for huge losses as milton rages  bloomberg,"['catastrophe', 'bond', 'investors', 'brace', 'for', 'huge', 'losses', 'as', 'milton', 'rages', 'bloomberg']","['catastrophe', 'bond', 'investor', 'brace', 'huge', 'loss', 'milton', 'rage', 'bloomberg']",catastrophe bond investor brace huge loss milton rage bloomberg
Jim Cramer looks at Amazon and Apple and why it can be tough to sit on good stocks,2024-10-08T22:52:11Z,jim cramer looks at amazon and apple and why it can be tough to sit on good stocks,"['jim', 'cramer', 'looks', 'at', 'amazon', 'and', 'apple', 'and', 'why', 'it', 'can', 'be', 'tough', 'to', 'sit', 'on', 'good', 'stocks']","['jim', 'cramer', 'look', 'amazon', 'apple', 'tough', 'sit', 'good', 'stock']",jim cramer look amazon apple tough sit good stock
China slump hits European luxury,2024-10-08T22:48:27Z,china slump hits european luxury,"['china', 'slump', 'hits', 'european', 'luxury']","['china', 'slump', 'hit', 'european', 'luxury']",china slump hit european luxury
Chinese Hackers Target U.S. Telecoms,2024-10-08T22:45:11Z,chinese hackers target us telecoms,"['chinese', 'hackers', 'target', 'us', 'telecoms']","['chinese', 'hacker', 'target', 'u', 'telecom']",chinese hacker target u telecom
Ares management executive sells $3.2 million in company stock,2024-10-08T22:32:28Z,ares management executive sells  million in company stock,"['ares', 'management', 'executive', 'sells', 'million', 'in', 'company', 'stock']","['are', 'management', 'executive', 'sell', 'million', 'company', 'stock']",are management executive sell million company stock
What's Next For Chinese Stocks After Stimulus Rally Stumbles?,2024-10-08T22:31:43Z,whats next for chinese stocks after stimulus rally stumbles,"['whats', 'next', 'for', 'chinese', 'stocks', 'after', 'stimulus', 'rally', 'stumbles']","['whats', 'next', 'chinese', 'stock', 'stimulus', 'rally', 'stumble']",whats next chinese stock stimulus rally stumble
"Bitcoin Wavers at $62K Amid Major Swings in Stocks, Gold; Memecoins Falter as Profit-Taking Sets In",2024-10-08T22:15:03Z,bitcoin wavers at k amid major swings in stocks gold memecoins falter as profittaking sets in,"['bitcoin', 'wavers', 'at', 'k', 'amid', 'major', 'swings', 'in', 'stocks', 'gold', 'memecoins', 'falter', 'as', 'profittaking', 'sets', 'in']","['bitcoin', 'waver', 'k', 'amid', 'major', 'swing', 'stock', 'gold', 'memecoins', 'falter', 'profittaking', 'set']",bitcoin waver k amid major swing stock gold memecoins falter profittaking set
Short sellers accuse Roblox of inflating user stats and enabling child exploitation,2024-10-08T22:12:56Z,short sellers accuse roblox of inflating user stats and enabling child exploitation,"['short', 'sellers', 'accuse', 'roblox', 'of', 'inflating', 'user', 'stats', 'and', 'enabling', 'child', 'exploitation']","['short', 'seller', 'accuse', 'roblox', 'inflating', 'user', 'stats', 'enabling', 'child', 'exploitation']",short seller accuse roblox inflating user stats enabling child exploitation
These 2 simple ASX index funds could turn $100 a month into $1 million,2024-10-08T22:12:10Z,these  simple asx index funds could turn  a month into  million,"['these', 'simple', 'asx', 'index', 'funds', 'could', 'turn', 'a', 'month', 'into', 'million']","['simple', 'asx', 'index', 'fund', 'could', 'turn', 'month', 'million']",simple asx index fund could turn month million
Investors Could Be Concerned With Betamek Berhad's (KLSE:BETA) Returns On Capital,2024-10-08T22:08:48Z,investors could be concerned with betamek berhads klsebeta returns on capital,"['investors', 'could', 'be', 'concerned', 'with', 'betamek', 'berhads', 'klsebeta', 'returns', 'on', 'capital']","['investor', 'could', 'concerned', 'betamek', 'berhads', 'klsebeta', 'return', 'capital']",investor could concerned betamek berhads klsebeta return capital
U.S. stocks ended higher as investors await inflation data,2024-10-08T22:07:00Z,us stocks ended higher as investors await inflation data,"['us', 'stocks', 'ended', 'higher', 'as', 'investors', 'await', 'inflation', 'data']","['u', 'stock', 'ended', 'higher', 'investor', 'await', 'inflation', 'data']",u stock ended higher investor await inflation data
[Removed],2024-10-08T22:05:49Z,removed,['removed'],['removed'],removed
3 Overlooked Dividend Stocks That Analysts Love,2024-10-08T22:04:19Z, overlooked dividend stocks that analysts love,"['overlooked', 'dividend', 'stocks', 'that', 'analysts', 'love']","['overlooked', 'dividend', 'stock', 'analyst', 'love']",overlooked dividend stock analyst love
Catastrophe Bond Investors Brace for Huge Losses as Milton Rages,2024-10-08T21:53:47Z,catastrophe bond investors brace for huge losses as milton rages,"['catastrophe', 'bond', 'investors', 'brace', 'for', 'huge', 'losses', 'as', 'milton', 'rages']","['catastrophe', 'bond', 'investor', 'brace', 'huge', 'loss', 'milton', 'rage']",catastrophe bond investor brace huge loss milton rage
